"Label (Grouping)","Atlanta-Sandy Springs-Roswell, GA Metro Division; Atlanta-Sandy Springs-Roswell, GA Metro Area!!Number!!Estimate","Atlanta-Sandy Springs-Roswell, GA Metro Division; Atlanta-Sandy Springs-Roswell, GA Metro Area!!Percent Distribution!!Estimate","Atlanta-Sandy Springs-Roswell, GA Metro Division; Atlanta-Sandy Springs-Roswell, GA Metro Area!!Median income (dollars)!!Estimate","Marietta, GA Metro Division; Atlanta-Sandy Springs-Roswell, GA Metro Area!!Number!!Estimate","Marietta, GA Metro Division; Atlanta-Sandy Springs-Roswell, GA Metro Area!!Percent Distribution!!Estimate","Marietta, GA Metro Division; Atlanta-Sandy Springs-Roswell, GA Metro Area!!Median income (dollars)!!Estimate","Boston, MA Metro Division; Boston-Cambridge-Newton, MA-NH Metro Area!!Number!!Estimate","Boston, MA Metro Division; Boston-Cambridge-Newton, MA-NH Metro Area!!Percent Distribution!!Estimate","Boston, MA Metro Division; Boston-Cambridge-Newton, MA-NH Metro Area!!Median income (dollars)!!Estimate","Cambridge-Newton-Framingham, MA Metro Division; Boston-Cambridge-Newton, MA-NH Metro Area!!Number!!Estimate","Cambridge-Newton-Framingham, MA Metro Division; Boston-Cambridge-Newton, MA-NH Metro Area!!Percent Distribution!!Estimate","Cambridge-Newton-Framingham, MA Metro Division; Boston-Cambridge-Newton, MA-NH Metro Area!!Median income (dollars)!!Estimate","Rockingham County-Strafford County, NH Metro Division; Boston-Cambridge-Newton, MA-NH Metro Area!!Number!!Estimate","Rockingham County-Strafford County, NH Metro Division; Boston-Cambridge-Newton, MA-NH Metro Area!!Percent Distribution!!Estimate","Rockingham County-Strafford County, NH Metro Division; Boston-Cambridge-Newton, MA-NH Metro Area!!Median income (dollars)!!Estimate","Chicago-Naperville-Schaumburg, IL Metro Division; Chicago-Naperville-Elgin, IL-IN Metro Area!!Number!!Estimate","Chicago-Naperville-Schaumburg, IL Metro Division; Chicago-Naperville-Elgin, IL-IN Metro Area!!Percent Distribution!!Estimate","Chicago-Naperville-Schaumburg, IL Metro Division; Chicago-Naperville-Elgin, IL-IN Metro Area!!Median income (dollars)!!Estimate","Elgin, IL Metro Division; Chicago-Naperville-Elgin, IL-IN Metro Area!!Number!!Estimate","Elgin, IL Metro Division; Chicago-Naperville-Elgin, IL-IN Metro Area!!Percent Distribution!!Estimate","Elgin, IL Metro Division; Chicago-Naperville-Elgin, IL-IN Metro Area!!Median income (dollars)!!Estimate","Lake County, IL Metro Division; Chicago-Naperville-Elgin, IL-IN Metro Area!!Number!!Estimate","Lake County, IL Metro Division; Chicago-Naperville-Elgin, IL-IN Metro Area!!Percent Distribution!!Estimate","Lake County, IL Metro Division; Chicago-Naperville-Elgin, IL-IN Metro Area!!Median income (dollars)!!Estimate","Lake County-Porter County-Jasper County, IN Metro Division; Chicago-Naperville-Elgin, IL-IN Metro Area!!Number!!Estimate","Lake County-Porter County-Jasper County, IN Metro Division; Chicago-Naperville-Elgin, IL-IN Metro Area!!Percent Distribution!!Estimate","Lake County-Porter County-Jasper County, IN Metro Division; Chicago-Naperville-Elgin, IL-IN Metro Area!!Median income (dollars)!!Estimate","Dallas-Plano-Irving, TX Metro Division; Dallas-Fort Worth-Arlington, TX Metro Area!!Number!!Estimate","Dallas-Plano-Irving, TX Metro Division; Dallas-Fort Worth-Arlington, TX Metro Area!!Percent Distribution!!Estimate","Dallas-Plano-Irving, TX Metro Division; Dallas-Fort Worth-Arlington, TX Metro Area!!Median income (dollars)!!Estimate","Fort Worth-Arlington-Grapevine, TX Metro Division; Dallas-Fort Worth-Arlington, TX Metro Area!!Number!!Estimate","Fort Worth-Arlington-Grapevine, TX Metro Division; Dallas-Fort Worth-Arlington, TX Metro Area!!Percent Distribution!!Estimate","Fort Worth-Arlington-Grapevine, TX Metro Division; Dallas-Fort Worth-Arlington, TX Metro Area!!Median income (dollars)!!Estimate","Detroit-Dearborn-Livonia, MI Metro Division; Detroit-Warren-Dearborn, MI Metro Area!!Number!!Estimate","Detroit-Dearborn-Livonia, MI Metro Division; Detroit-Warren-Dearborn, MI Metro Area!!Percent Distribution!!Estimate","Detroit-Dearborn-Livonia, MI Metro Division; Detroit-Warren-Dearborn, MI Metro Area!!Median income (dollars)!!Estimate","Warren-Troy-Farmington Hills, MI Metro Division; Detroit-Warren-Dearborn, MI Metro Area!!Number!!Estimate","Warren-Troy-Farmington Hills, MI Metro Division; Detroit-Warren-Dearborn, MI Metro Area!!Percent Distribution!!Estimate","Warren-Troy-Farmington Hills, MI Metro Division; Detroit-Warren-Dearborn, MI Metro Area!!Median income (dollars)!!Estimate","Anaheim-Santa Ana-Irvine, CA Metro Division; Los Angeles-Long Beach-Anaheim, CA Metro Area!!Number!!Estimate","Anaheim-Santa Ana-Irvine, CA Metro Division; Los Angeles-Long Beach-Anaheim, CA Metro Area!!Percent Distribution!!Estimate","Anaheim-Santa Ana-Irvine, CA Metro Division; Los Angeles-Long Beach-Anaheim, CA Metro Area!!Median income (dollars)!!Estimate","Los Angeles-Long Beach-Glendale, CA Metro Division; Los Angeles-Long Beach-Anaheim, CA Metro Area!!Number!!Estimate","Los Angeles-Long Beach-Glendale, CA Metro Division; Los Angeles-Long Beach-Anaheim, CA Metro Area!!Percent Distribution!!Estimate","Los Angeles-Long Beach-Glendale, CA Metro Division; Los Angeles-Long Beach-Anaheim, CA Metro Area!!Median income (dollars)!!Estimate","Fort Lauderdale-Pompano Beach-Sunrise, FL Metro Division; Miami-Fort Lauderdale-West Palm Beach, FL Metro Area!!Number!!Estimate","Fort Lauderdale-Pompano Beach-Sunrise, FL Metro Division; Miami-Fort Lauderdale-West Palm Beach, FL Metro Area!!Percent Distribution!!Estimate","Fort Lauderdale-Pompano Beach-Sunrise, FL Metro Division; Miami-Fort Lauderdale-West Palm Beach, FL Metro Area!!Median income (dollars)!!Estimate","Miami-Miami Beach-Kendall, FL Metro Division; Miami-Fort Lauderdale-West Palm Beach, FL Metro Area!!Number!!Estimate","Miami-Miami Beach-Kendall, FL Metro Division; Miami-Fort Lauderdale-West Palm Beach, FL Metro Area!!Percent Distribution!!Estimate","Miami-Miami Beach-Kendall, FL Metro Division; Miami-Fort Lauderdale-West Palm Beach, FL Metro Area!!Median income (dollars)!!Estimate","West Palm Beach-Boca Raton-Delray Beach, FL Metro Division; Miami-Fort Lauderdale-West Palm Beach, FL Metro Area!!Number!!Estimate","West Palm Beach-Boca Raton-Delray Beach, FL Metro Division; Miami-Fort Lauderdale-West Palm Beach, FL Metro Area!!Percent Distribution!!Estimate","West Palm Beach-Boca Raton-Delray Beach, FL Metro Division; Miami-Fort Lauderdale-West Palm Beach, FL Metro Area!!Median income (dollars)!!Estimate","Lakewood-New Brunswick, NJ Metro Division; New York-Newark-Jersey City, NY-NJ Metro Area!!Number!!Estimate","Lakewood-New Brunswick, NJ Metro Division; New York-Newark-Jersey City, NY-NJ Metro Area!!Percent Distribution!!Estimate","Lakewood-New Brunswick, NJ Metro Division; New York-Newark-Jersey City, NY-NJ Metro Area!!Median income (dollars)!!Estimate","Nassau County-Suffolk County, NY Metro Division; New York-Newark-Jersey City, NY-NJ Metro Area!!Number!!Estimate","Nassau County-Suffolk County, NY Metro Division; New York-Newark-Jersey City, NY-NJ Metro Area!!Percent Distribution!!Estimate","Nassau County-Suffolk County, NY Metro Division; New York-Newark-Jersey City, NY-NJ Metro Area!!Median income (dollars)!!Estimate","Newark, NJ Metro Division; New York-Newark-Jersey City, NY-NJ Metro Area!!Number!!Estimate","Newark, NJ Metro Division; New York-Newark-Jersey City, NY-NJ Metro Area!!Percent Distribution!!Estimate","Newark, NJ Metro Division; New York-Newark-Jersey City, NY-NJ Metro Area!!Median income (dollars)!!Estimate","New York-Jersey City-White Plains, NY-NJ Metro Division; New York-Newark-Jersey City, NY-NJ Metro Area!!Number!!Estimate","New York-Jersey City-White Plains, NY-NJ Metro Division; New York-Newark-Jersey City, NY-NJ Metro Area!!Percent Distribution!!Estimate","New York-Jersey City-White Plains, NY-NJ Metro Division; New York-Newark-Jersey City, NY-NJ Metro Area!!Median income (dollars)!!Estimate","Camden, NJ Metro Division; Philadelphia-Camden-Wilmington, PA-NJ-DE-MD Metro Area!!Number!!Estimate","Camden, NJ Metro Division; Philadelphia-Camden-Wilmington, PA-NJ-DE-MD Metro Area!!Percent Distribution!!Estimate","Camden, NJ Metro Division; Philadelphia-Camden-Wilmington, PA-NJ-DE-MD Metro Area!!Median income (dollars)!!Estimate","Montgomery County-Bucks County-Chester County, PA Metro Division; Philadelphia-Camden-Wilmington, PA-NJ-DE-MD Metro Area!!Number!!Estimate","Montgomery County-Bucks County-Chester County, PA Metro Division; Philadelphia-Camden-Wilmington, PA-NJ-DE-MD Metro Area!!Percent Distribution!!Estimate","Montgomery County-Bucks County-Chester County, PA Metro Division; Philadelphia-Camden-Wilmington, PA-NJ-DE-MD Metro Area!!Median income (dollars)!!Estimate","Philadelphia, PA Metro Division; Philadelphia-Camden-Wilmington, PA-NJ-DE-MD Metro Area!!Number!!Estimate","Philadelphia, PA Metro Division; Philadelphia-Camden-Wilmington, PA-NJ-DE-MD Metro Area!!Percent Distribution!!Estimate","Philadelphia, PA Metro Division; Philadelphia-Camden-Wilmington, PA-NJ-DE-MD Metro Area!!Median income (dollars)!!Estimate","Wilmington, DE-MD-NJ Metro Division; Philadelphia-Camden-Wilmington, PA-NJ-DE-MD Metro Area!!Number!!Estimate","Wilmington, DE-MD-NJ Metro Division; Philadelphia-Camden-Wilmington, PA-NJ-DE-MD Metro Area!!Percent Distribution!!Estimate","Wilmington, DE-MD-NJ Metro Division; Philadelphia-Camden-Wilmington, PA-NJ-DE-MD Metro Area!!Median income (dollars)!!Estimate","Oakland-Fremont-Berkeley, CA Metro Division; San Francisco-Oakland-Fremont, CA Metro Area!!Number!!Estimate","Oakland-Fremont-Berkeley, CA Metro Division; San Francisco-Oakland-Fremont, CA Metro Area!!Percent Distribution!!Estimate","Oakland-Fremont-Berkeley, CA Metro Division; San Francisco-Oakland-Fremont, CA Metro Area!!Median income (dollars)!!Estimate","San Francisco-San Mateo-Redwood City, CA Metro Division; San Francisco-Oakland-Fremont, CA Metro Area!!Number!!Estimate","San Francisco-San Mateo-Redwood City, CA Metro Division; San Francisco-Oakland-Fremont, CA Metro Area!!Percent Distribution!!Estimate","San Francisco-San Mateo-Redwood City, CA Metro Division; San Francisco-Oakland-Fremont, CA Metro Area!!Median income (dollars)!!Estimate","San Rafael, CA Metro Division; San Francisco-Oakland-Fremont, CA Metro Area!!Number!!Estimate","San Rafael, CA Metro Division; San Francisco-Oakland-Fremont, CA Metro Area!!Percent Distribution!!Estimate","San Rafael, CA Metro Division; San Francisco-Oakland-Fremont, CA Metro Area!!Median income (dollars)!!Estimate","Everett, WA Metro Division; Seattle-Tacoma-Bellevue, WA Metro Area!!Number!!Estimate","Everett, WA Metro Division; Seattle-Tacoma-Bellevue, WA Metro Area!!Percent Distribution!!Estimate","Everett, WA Metro Division; Seattle-Tacoma-Bellevue, WA Metro Area!!Median income (dollars)!!Estimate","Seattle-Bellevue-Kent, WA Metro Division; Seattle-Tacoma-Bellevue, WA Metro Area!!Number!!Estimate","Seattle-Bellevue-Kent, WA Metro Division; Seattle-Tacoma-Bellevue, WA Metro Area!!Percent Distribution!!Estimate","Seattle-Bellevue-Kent, WA Metro Division; Seattle-Tacoma-Bellevue, WA Metro Area!!Median income (dollars)!!Estimate","Tacoma-Lakewood, WA Metro Division; Seattle-Tacoma-Bellevue, WA Metro Area!!Number!!Estimate","Tacoma-Lakewood, WA Metro Division; Seattle-Tacoma-Bellevue, WA Metro Area!!Percent Distribution!!Estimate","Tacoma-Lakewood, WA Metro Division; Seattle-Tacoma-Bellevue, WA Metro Area!!Median income (dollars)!!Estimate","St. Petersburg-Clearwater-Largo, FL Metro Division; Tampa-St. Petersburg-Clearwater, FL Metro Area!!Number!!Estimate","St. Petersburg-Clearwater-Largo, FL Metro Division; Tampa-St. Petersburg-Clearwater, FL Metro Area!!Percent Distribution!!Estimate","St. Petersburg-Clearwater-Largo, FL Metro Division; Tampa-St. Petersburg-Clearwater, FL Metro Area!!Median income (dollars)!!Estimate","Tampa, FL Metro Division; Tampa-St. Petersburg-Clearwater, FL Metro Area!!Number!!Estimate","Tampa, FL Metro Division; Tampa-St. Petersburg-Clearwater, FL Metro Area!!Percent Distribution!!Estimate","Tampa, FL Metro Division; Tampa-St. Petersburg-Clearwater, FL Metro Area!!Median income (dollars)!!Estimate","Arlington-Alexandria-Reston, VA-WV Metro Division; Washington-Arlington-Alexandria, DC-VA-MD-WV Metro Area!!Number!!Estimate","Arlington-Alexandria-Reston, VA-WV Metro Division; Washington-Arlington-Alexandria, DC-VA-MD-WV Metro Area!!Percent Distribution!!Estimate","Arlington-Alexandria-Reston, VA-WV Metro Division; Washington-Arlington-Alexandria, DC-VA-MD-WV Metro Area!!Median income (dollars)!!Estimate","Frederick-Gaithersburg-Bethesda, MD Metro Division; Washington-Arlington-Alexandria, DC-VA-MD-WV Metro Area!!Number!!Estimate","Frederick-Gaithersburg-Bethesda, MD Metro Division; Washington-Arlington-Alexandria, DC-VA-MD-WV Metro Area!!Percent Distribution!!Estimate","Frederick-Gaithersburg-Bethesda, MD Metro Division; Washington-Arlington-Alexandria, DC-VA-MD-WV Metro Area!!Median income (dollars)!!Estimate","Washington, DC-MD Metro Division; Washington-Arlington-Alexandria, DC-VA-MD-WV Metro Area!!Number!!Estimate","Washington, DC-MD Metro Division; Washington-Arlington-Alexandria, DC-VA-MD-WV Metro Area!!Percent Distribution!!Estimate","Washington, DC-MD Metro Division; Washington-Arlington-Alexandria, DC-VA-MD-WV Metro Area!!Median income (dollars)!!Estimate"
"HOUSEHOLD INCOME BY RACE AND HISPANIC OR LATINO ORIGIN OF HOUSEHOLDER","","","","","","","","","","","","","","","","","","","","","","","","","","","","","","","","","","","","","","","","","","","","","","","","","","","","","","","","","","","","","","","","","","","","","","","","","","","","","","","","","","","","","","","","","","","","","","","","","","","","","","","","","","","","","","",""
"    Households","1,861,452","1,861,452","89,938","528,894","528,894","101,967","830,559","830,559","113,643","956,945","956,945","123,534","182,736","182,736","108,155","2,866,304","2,866,304","89,839","276,231","276,231","102,359","261,032","261,032","107,758","286,835","286,835","76,753","2,052,272","2,052,272","96,225","960,583","960,583","86,593","707,662","707,662","59,294","1,070,106","1,070,106","88,750","1,098,129","1,098,129","115,229","3,485,810","3,485,810","90,845","756,040","756,040","81,488","1,002,537","1,002,537","76,184","623,577","623,577","84,789","944,817","944,817","114,557","970,061","970,061","134,232","830,096","830,096","107,136","4,741,854","4,741,854","88,804","495,414","495,414","101,471","800,494","800,494","117,803","919,261","919,261","65,812","290,649","290,649","89,562","1,030,361","1,030,361","128,190","638,090","638,090","148,994","101,974","101,974","147,017","326,367","326,367","109,165","970,174","970,174","122,080","362,111","362,111","100,529","434,601","434,601","73,832","942,727","942,727","80,513","1,172,758","1,172,758","138,728","497,491","497,491","136,138","745,281","745,281","104,499"
"        One race--","","","","","","","","","","","","","","","","","","","","","","","","","","","","","","","","","","","","","","","","","","","","","","","","","","","","","","","","","","","","","","","","","","","","","","","","","","","","","","","","","","","","","","","","","","","","","","","","","","","","","","","","","","","","","","",""
"            White","802,079","43.1%","106,730","331,950","62.8%","109,495","552,908","66.6%","127,482","682,310","71.3%","131,338","167,051","91.4%","109,989","1,579,112","55.1%","103,221","191,631","69.4%","105,826","173,689","66.5%","114,209","192,144","67.0%","83,910","1,020,904","49.7%","107,673","552,943","57.6%","99,371","359,851","50.9%","76,666","821,927","76.8%","91,563","539,597","49.1%","124,316","1,279,852","36.7%","105,236","326,794","43.2%","88,441","254,836","25.4%","101,196","383,329","61.5%","94,063","626,551","66.3%","113,501","666,259","68.7%","134,241","429,536","51.7%","134,054","1,995,325","42.1%","119,241","332,962","67.2%","111,419","637,728","79.7%","119,072","415,133","45.2%","90,570","181,340","62.4%","98,353","412,086","40.0%","139,109","286,041","44.8%","175,608","74,816","73.4%","159,107","226,184","69.3%","107,129","567,673","58.5%","124,999","251,202","69.4%","102,468","341,005","78.5%","76,974","585,342","62.1%","85,282","686,409","58.5%","151,983","262,958","52.9%","152,772","204,743","27.5%","143,160"
"            Black or African American","701,158","37.7%","72,745","110,554","20.9%","91,077","90,692","10.9%","70,274","38,596","4.0%","74,790","N","N","51,671","519,871","18.1%","53,347","15,456","5.6%","72,047","21,057","8.1%","50,560","51,076","17.8%","51,989","374,091","18.2%","68,758","161,147","16.8%","61,607","269,415","38.1%","41,373","119,719","11.2%","60,834","21,094","1.9%","88,468","315,316","9.0%","64,310","184,220","24.4%","69,647","126,363","12.6%","56,990","91,155","14.6%","68,977","66,018","7.0%","104,260","79,116","8.2%","126,203","164,450","19.8%","71,368","859,098","18.1%","60,926","79,456","16.0%","81,247","50,238","6.3%","71,192","326,870","35.6%","49,383","61,854","21.3%","69,191","103,274","10.0%","74,117","22,739","3.6%","82,621","N","N","N","11,636","3.6%","70,871","60,127","6.2%","71,427","27,856","7.7%","86,369","34,114","7.8%","48,336","116,856","12.4%","62,923","154,185","13.1%","111,422","83,521","16.8%","93,833","387,677","52.0%","88,672"
"            American Indian and Alaska Native","6,655","0.4%","73,808","N","N","74,964","N","N","60,494","N","N","67,221","N","N","215,809","23,830","0.8%","83,349","N","N","112,083","N","N","90,713","N","N","91,000","14,729","0.7%","83,161","6,002","0.6%","85,240","N","N","26,317","N","N","41,920","9,809","0.9%","80,876","46,659","1.3%","90,003","N","N","85,496","N","N","50,461","N","N","49,847","N","N","79,397","N","N","119,155","N","N","59,490","32,126","0.7%","60,079","N","N","N","N","N","156,276","N","N","32,994","N","N","88,363","10,028","1.0%","105,570","N","N","125,278","N","N","N","N","N","N","5,801","0.6%","54,841","N","N","71,468","N","N","46,486","N","N","52,436","N","N","100,723","N","N","64,852","N","N","108,720"
"            Asian","135,048","7.3%","125,208","20,950","4.0%","126,342","71,386","8.6%","119,098","91,015","9.5%","160,887","N","N","75,828","233,587","8.1%","115,669","N","N","150,021","22,258","8.5%","149,885","N","N","80,049","208,466","10.2%","143,910","46,287","4.8%","102,187","22,838","3.2%","106,635","60,901","5.7%","125,599","250,018","22.8%","123,722","570,109","16.4%","104,681","27,932","3.7%","104,509","18,450","1.8%","115,381","16,382","2.6%","92,125","119,495","12.6%","171,918","71,757","7.4%","159,688","53,455","6.4%","176,468","635,441","13.4%","102,180","22,326","4.5%","118,857","53,307","6.7%","163,715","66,668","7.3%","68,306","15,253","5.2%","134,951","276,026","26.8%","167,744","212,451","33.3%","147,795","N","N","149,028","44,261","13.6%","166,454","202,978","20.9%","161,674","23,828","6.6%","105,968","12,287","2.8%","94,631","34,819","3.7%","127,260","149,039","12.7%","155,166","69,707","14.0%","157,562","33,217","4.5%","112,911"
"            Native Hawaiian and Other Pacific Islander","N","N","70,981","N","N","-","N","N","-","N","N","N","N","N","-","N","N","N","N","N","-","N","N","-","N","N","-","N","N","N","N","N","50,178","N","N","250,000+","N","N","108,318","N","N","85,863","8,783","0.3%","100,703","N","N","36,394","N","N","-","N","N","107,767","N","N","N","N","N","N","N","N","-","N","N","N","N","N","-","N","N","-","N","N","-","N","N","-","N","N","131,194","N","N","N","N","N","-","N","N","N","N","N","85,528","N","N","119,256","N","N","N","N","N","201,389","N","N","250,000+","N","N","-","N","N","N"
"            Some other race","79,325","4.3%","63,430","27,918","5.3%","71,153","38,126","4.6%","75,722","51,195","5.3%","78,369","N","N","70,237","250,704","8.7%","67,956","19,305","7.0%","89,505","21,615","8.3%","92,758","14,773","5.2%","72,024","152,471","7.4%","72,226","50,101","5.2%","72,127","13,742","1.9%","46,925","11,730","1.1%","87,712","116,823","10.6%","90,779","684,005","19.6%","74,533","42,858","5.7%","68,997","87,758","8.8%","69,265","48,388","7.8%","65,948","60,746","6.4%","73,784","70,226","7.2%","126,748","93,344","11.2%","70,908","670,426","14.1%","58,422","28,141","5.7%","60,580","18,072","2.3%","94,880","46,332","5.0%","44,820","11,548","4.0%","71,983","109,333","10.6%","89,603","44,615","7.0%","92,305","N","N","93,932","11,160","3.4%","80,252","35,704","3.7%","79,296","12,469","3.4%","64,698","9,253","2.1%","52,307","57,182","6.1%","65,121","62,544","5.3%","91,972","36,479","7.3%","100,833","50,725","6.8%","81,957"
"        Two or more races","136,108","7.3%","86,484","35,452","6.7%","95,534","75,048","9.0%","93,658","92,096","9.6%","88,049","7,179","3.9%","127,438","258,537","9.0%","87,909","35,288","12.8%","92,011","20,755","8.0%","112,359","22,834","8.0%","86,768","280,762","13.7%","86,919","143,469","14.9%","80,366","39,348","5.6%","56,526","52,430","4.9%","81,927","158,698","14.5%","109,298","581,086","16.7%","87,141","171,074","22.6%","83,994","512,290","51.1%","72,033","82,666","13.3%","84,469","66,769","7.1%","101,371","79,390","8.2%","139,023","85,637","10.3%","91,507","547,510","11.5%","80,457","30,509","6.2%","86,970","39,936","5.0%","111,749","61,146","6.7%","68,144","19,215","6.6%","77,863","114,966","11.2%","125,535","66,726","10.5%","136,986","10,280","10.1%","133,011","27,891","8.5%","108,580","92,390","9.5%","111,470","38,502","10.6%","93,128","37,098","8.5%","78,350","145,507","15.4%","73,853","114,077","9.7%","124,752","42,550","8.6%","142,531","65,406","8.8%","114,561"
"        Hispanic or Latino origin (of any race)","178,343","9.6%","75,471","54,184","10.2%","85,440","89,537","10.8%","81,456","109,887","11.5%","76,952","N","N","129,863","532,087","18.6%","76,944","58,307","21.1%","94,130","50,563","19.4%","87,488","42,057","14.7%","76,843","483,063","23.5%","78,258","216,814","22.6%","78,389","35,327","5.0%","60,138","36,803","3.4%","87,263","288,659","26.3%","97,686","1,354,162","38.8%","79,449","232,819","30.8%","80,852","701,287","70.0%","72,082","127,855","20.5%","74,345","129,106","13.7%","81,895","149,498","15.4%","127,432","173,607","20.9%","76,620","1,247,919","26.3%","62,429","52,985","10.7%","69,071","44,975","5.6%","97,337","96,464","10.5%","55,078","23,156","8.0%","67,266","200,520","19.5%","99,650","100,318","15.7%","108,448","13,392","13.1%","98,235","28,310","8.7%","92,139","81,878","8.4%","87,328","37,160","10.3%","85,494","38,971","9.0%","77,669","215,611","22.9%","73,883","161,656","13.8%","105,826","70,403","14.2%","110,425","94,834","12.7%","94,577"
"        White alone, not Hispanic or Latino","774,966","41.6%","106,999","322,970","61.1%","110,004","542,477","65.3%","128,025","667,550","69.8%","131,860","165,597","90.6%","109,568","1,498,148","52.3%","105,005","182,455","66.1%","106,027","160,888","61.6%","120,829","183,135","63.8%","84,946","916,993","44.7%","113,426","501,767","52.2%","100,415","352,982","49.9%","76,915","812,901","76.0%","91,505","495,404","45.1%","125,995","1,110,342","31.9%","110,365","279,145","36.9%","90,596","140,521","14.0%","116,657","363,864","58.4%","94,846","608,878","64.4%","113,802","644,207","66.4%","134,764","408,643","49.2%","136,516","1,858,273","39.2%","122,769","324,693","65.5%","112,163","628,208","78.5%","119,383","398,922","43.4%","91,590","179,094","61.6%","98,534","388,803","37.7%","141,469","270,347","42.4%","178,841","73,128","71.7%","162,244","220,590","67.6%","107,094","556,027","57.3%","125,605","241,907","66.8%","102,847","331,254","76.2%","76,891","545,964","57.9%","84,815","657,085","56.0%","154,121","254,345","51.1%","153,309","196,053","26.3%","145,418"
"HOUSEHOLD INCOME BY AGE OF HOUSEHOLDER","","","","","","","","","","","","","","","","","","","","","","","","","","","","","","","","","","","","","","","","","","","","","","","","","","","","","","","","","","","","","","","","","","","","","","","","","","","","","","","","","","","","","","","","","","","","","","","","","","","","","","","","","","","","","","",""
"    15 to 24 years","56,335","3.0%","51,448","17,505","3.3%","58,016","26,028","3.1%","60,946","25,371","2.7%","80,574","4,156","2.3%","45,685","86,971","3.0%","48,432","7,066","2.6%","51,748","7,129","2.7%","49,043","7,541","2.6%","53,971","86,123","4.2%","54,300","36,768","3.8%","50,986","21,140","3.0%","31,536","21,986","2.1%","56,634","27,432","2.5%","73,015","90,137","2.6%","50,208","15,058","2.0%","43,931","23,876","2.4%","38,418","13,431","2.2%","56,935","13,901","1.5%","61,499","8,502","0.9%","59,890","12,902","1.6%","60,733","128,134","2.7%","62,101","7,701","1.6%","48,246","14,022","1.8%","62,736","34,159","3.7%","39,914","6,693","2.3%","61,735","25,171","2.4%","42,024","20,168","3.2%","91,210","2,005","2.0%","93,627","7,712","2.4%","61,095","38,359","4.0%","61,251","14,526","4.0%","74,322","8,822","2.0%","48,359","29,093","3.1%","46,211","31,755","2.7%","66,528","10,376","2.1%","52,446","29,016","3.9%","45,406"
"    25 to 44 years","678,001","36.4%","93,033","180,157","34.1%","112,433","297,855","35.9%","135,941","323,791","33.8%","143,313","50,841","27.8%","130,977","1,014,534","35.4%","99,093","90,736","32.8%","106,094","78,052","29.9%","114,964","88,101","30.7%","82,955","807,528","39.3%","100,522","365,300","38.0%","90,823","225,394","31.9%","61,938","325,533","30.4%","97,368","346,271","31.5%","128,959","1,219,708","35.0%","100,492","223,739","29.6%","90,673","331,948","33.1%","87,984","153,925","24.7%","94,687","266,238","28.2%","130,263","237,755","24.5%","155,536","260,721","31.4%","115,227","1,669,770","35.2%","110,253","155,473","31.4%","109,226","239,203","29.9%","131,789","353,728","38.5%","74,447","90,229","31.0%","97,361","347,306","33.7%","150,713","247,008","38.7%","192,792","22,457","22.0%","179,994","125,449","38.4%","127,030","421,875","43.5%","141,851","135,666","37.5%","107,607","110,869","25.5%","91,665","319,760","33.9%","93,131","432,432","36.9%","138,672","156,513","31.5%","135,116","289,403","38.8%","110,568"
"    45 to 64 years","710,485","38.2%","107,019","208,904","39.5%","123,334","284,955","34.3%","136,959","341,642","35.7%","150,293","69,078","37.8%","138,987","1,005,587","35.1%","106,678","104,727","37.9%","126,273","103,179","39.5%","131,076","101,749","35.5%","89,324","750,304","36.6%","115,585","350,588","36.5%","103,807","254,319","35.9%","69,325","394,636","36.9%","111,914","422,729","38.5%","134,102","1,296,605","37.2%","101,420","300,051","39.7%","94,467","390,092","38.9%","86,724","218,577","35.1%","99,241","360,610","38.2%","145,016","399,121","41.1%","158,845","332,832","40.1%","128,414","1,653,458","34.9%","96,095","185,615","37.5%","122,019","299,331","37.4%","149,739","293,289","31.9%","77,222","108,319","37.3%","107,549","387,965","37.7%","150,079","203,540","31.9%","169,589","36,077","35.4%","206,755","113,984","34.9%","127,811","308,331","31.8%","147,856","122,455","33.8%","123,440","145,666","33.5%","93,816","330,325","35.0%","97,199","448,256","38.2%","171,271","193,176","38.8%","168,085","254,924","34.2%","125,231"
"    65 years and over","416,631","22.4%","61,530","122,328","23.1%","69,283","221,721","26.7%","70,261","266,141","27.8%","80,531","58,661","32.1%","70,015","759,212","26.5%","62,692","73,702","26.7%","70,623","72,672","27.8%","87,260","89,444","31.2%","54,190","408,317","19.9%","68,966","207,927","21.6%","65,429","206,809","29.2%","50,111","327,951","30.6%","60,199","301,697","27.5%","85,204","879,360","25.2%","66,563","217,192","28.7%","57,639","256,621","25.6%","44,739","237,644","38.1%","66,573","304,068","32.2%","75,534","324,683","33.5%","96,388","223,641","26.9%","76,955","1,290,492","27.2%","55,803","146,625","29.6%","72,173","247,938","31.0%","80,893","238,085","25.9%","48,279","85,408","29.4%","68,824","269,919","26.2%","84,808","167,374","26.2%","86,453","41,435","40.6%","105,157","79,222","24.3%","71,462","201,609","20.8%","78,708","89,464","24.7%","68,160","169,244","38.9%","55,378","263,549","28.0%","55,177","260,315","22.2%","100,737","137,426","27.6%","105,653","171,938","23.1%","77,163"
"FAMILIES","","","","","","","","","","","","","","","","","","","","","","","","","","","","","","","","","","","","","","","","","","","","","","","","","","","","","","","","","","","","","","","","","","","","","","","","","","","","","","","","","","","","","","","","","","","","","","","","","","","","","","","","","","","","","","",""
"    Families","1,212,532","1,212,532","107,637","372,088","372,088","122,399","492,252","492,252","138,913","617,347","617,347","155,353","118,040","118,040","137,525","1,734,800","1,734,800","112,788","191,800","191,800","120,866","183,747","183,747","134,754","191,523","191,523","95,092","1,378,090","1,378,090","114,790","653,222","653,222","104,760","421,034","421,034","78,587","678,095","678,095","114,993","775,345","775,345","131,404","2,244,445","2,244,445","102,498","484,795","484,795","97,199","690,835","690,835","85,113","389,238","389,238","102,057","663,712","663,712","137,502","715,531","715,531","155,808","571,320","571,320","133,749","2,840,589","2,840,589","102,699","334,843","334,843","120,415","549,809","549,809","146,315","493,981","493,981","87,160","188,655","188,655","109,370","694,222","694,222","154,373","344,273","344,273","187,137","62,466","62,466","210,424","214,796","214,796","132,913","539,086","539,086","166,582","240,305","240,305","120,677","233,618","233,618","101,662","602,847","602,847","98,155","800,206","800,206","164,149","340,233","340,233","168,176","402,005","402,005","129,106"
"        With own children of householder under 18 years","508,061","41.9%","106,647","153,259","41.2%","130,967","189,937","38.6%","152,838","251,070","40.7%","168,528","42,095","35.7%","145,346","687,885","39.7%","113,855","82,490","43.0%","120,865","74,492","40.5%","148,432","75,202","39.3%","89,396","615,278","44.6%","116,345","288,651","44.2%","101,509","172,165","40.9%","66,250","252,045","37.2%","120,317","303,362","39.1%","136,936","842,756","37.5%","96,554","175,706","36.2%","95,560","251,158","36.4%","83,325","130,552","33.5%","97,905","260,545","39.3%","151,321","271,095","37.9%","167,817","241,689","42.3%","136,734","1,078,035","38.0%","100,214","135,670","40.5%","121,648","215,804","39.3%","164,718","202,636","41.0%","74,577","72,699","38.5%","106,197","285,159","41.1%","173,169","125,905","36.6%","225,026","N","N","215,625","92,732","43.2%","146,330","228,341","42.4%","193,496","102,500","42.7%","120,386","63,523","27.2%","105,005","236,719","39.3%","100,510","365,354","45.7%","165,981","149,797","44.0%","172,442","157,275","39.1%","115,738"
"        With no own children of householder under 18 years","704,471","58.1%","108,307","218,829","58.8%","117,931","302,315","61.4%","133,499","366,277","59.3%","147,953","75,945","64.3%","133,114","1,046,915","60.3%","112,284","109,310","57.0%","120,867","109,255","59.5%","126,245","116,321","60.7%","97,256","762,812","55.4%","113,785","364,571","55.8%","106,374","248,869","59.1%","84,823","426,050","62.8%","112,243","471,983","60.9%","128,807","1,401,689","62.5%","105,996","309,089","63.8%","97,706","439,677","63.6%","85,643","258,686","66.5%","104,903","403,167","60.7%","131,675","444,436","62.1%","150,167","329,631","57.7%","131,777","1,762,554","62.0%","104,813","199,173","59.5%","119,663","334,005","60.7%","135,297","291,345","59.0%","93,049","115,956","61.5%","111,129","409,063","58.9%","142,807","218,368","63.4%","170,263","N","N","200,194","122,064","56.8%","125,579","310,745","57.6%","153,132","137,805","57.3%","121,001","170,095","72.8%","100,354","366,128","60.7%","97,172","434,852","54.3%","163,065","190,436","56.0%","162,955","244,730","60.9%","137,497"
"        Married-couple families","849,066","70.0%","130,952","286,830","77.1%","140,052","350,989","71.3%","173,121","473,484","76.7%","182,883","95,937","81.3%","152,124","1,236,172","71.3%","138,284","147,560","76.9%","138,309","143,600","78.2%","155,937","134,548","70.3%","111,279","1,036,120","75.2%","136,252","482,021","73.8%","123,788","256,825","61.0%","104,543","528,411","77.9%","129,896","577,537","74.5%","154,054","1,486,121","66.2%","127,806","330,393","68.2%","116,127","432,757","62.6%","106,185","279,524","71.8%","122,785","526,803","79.4%","155,332","561,765","78.5%","176,313","407,086","71.3%","165,578","1,832,707","64.5%","135,774","239,859","71.6%","144,869","445,417","81.0%","163,292","293,053","59.3%","120,854","133,500","70.8%","130,603","525,540","75.7%","182,841","262,854","76.4%","220,008","N","N","246,957","169,486","78.9%","155,972","441,472","81.9%","192,165","179,383","74.6%","133,988","176,430","75.5%","116,411","439,771","72.9%","116,098","637,383","79.7%","186,950","264,565","77.8%","191,799","241,441","60.1%","172,964"
"            With own children under 18 years","341,150","28.1%","144,686","115,642","31.1%","151,064","133,251","27.1%","203,931","190,109","30.8%","210,711","31,055","26.3%","174,844","476,728","27.5%","154,251","61,308","32.0%","146,898","56,155","30.6%","182,296","48,300","25.2%","122,932","457,147","33.2%","144,149","206,876","31.7%","129,791","96,182","22.8%","110,581","188,910","27.9%","144,801","228,587","29.5%","170,832","553,905","24.7%","135,175","114,280","23.6%","127,943","155,771","22.5%","117,145","84,837","21.8%","130,015","207,489","31.3%","179,217","216,484","30.3%","192,537","168,950","29.6%","190,983","709,536","25.0%","148,407","90,595","27.1%","161,805","172,688","31.4%","186,214","111,759","22.6%","130,393","46,192","24.5%","135,987","218,123","31.4%","212,318","99,136","28.8%","250,000+","N","N","250,000+","71,867","33.5%","175,278","185,092","34.3%","223,456","71,296","29.7%","143,023","43,240","18.5%","137,280","161,317","26.8%","131,057","290,770","36.3%","196,157","114,036","33.5%","207,596","92,191","22.9%","171,209"
"        Female householder, no spouse present","272,039","22.4%","63,246","56,441","15.2%","65,953","101,614","20.6%","73,913","98,981","16.0%","70,882","15,325","13.0%","70,442","357,627","20.6%","61,758","29,227","15.2%","66,333","27,395","14.9%","76,850","39,390","20.6%","51,748","246,292","17.9%","57,952","120,584","18.5%","55,654","120,144","28.5%","42,494","101,987","15.0%","61,903","126,587","16.3%","78,686","510,788","22.8%","64,716","107,838","22.2%","62,044","179,591","26.0%","51,672","76,087","19.5%","62,720","92,182","13.9%","75,900","106,666","14.9%","96,380","115,842","20.3%","70,401","730,017","25.7%","60,049","68,082","20.3%","68,881","69,170","12.6%","80,362","155,537","31.5%","49,849","43,403","23.0%","59,716","117,642","16.9%","79,995","54,445","15.8%","90,138","N","N","66,665","29,906","13.9%","65,169","63,430","11.8%","73,092","40,757","17.0%","66,619","41,277","17.7%","55,810","115,951","19.2%","59,590","110,584","13.8%","90,574","53,550","15.7%","87,352","119,241","29.7%","77,826"
"            With own children under 18 years","132,391","10.9%","51,559","25,780","6.9%","55,970","43,797","8.9%","60,220","42,787","6.9%","47,960","7,280","6.2%","57,309","154,672","8.9%","44,187","14,074","7.3%","48,979","13,227","7.2%","44,800","18,631","9.7%","44,554","125,270","9.1%","49,071","58,852","9.0%","44,176","58,132","13.8%","31,084","44,596","6.6%","47,774","51,719","6.7%","57,689","200,965","9.0%","46,072","44,408","9.2%","48,759","69,847","10.1%","40,622","31,363","8.1%","48,022","37,022","5.6%","52,343","39,035","5.5%","75,077","52,115","9.1%","50,549","289,140","10.2%","42,303","34,138","10.2%","60,846","27,128","4.9%","55,323","71,957","14.6%","36,901","20,808","11.0%","45,058","47,712","6.9%","61,269","18,597","5.4%","62,366","N","N","60,446","15,138","7.0%","46,396","29,395","5.5%","50,628","20,881","8.7%","51,609","14,680","6.3%","39,626","55,399","9.2%","46,828","51,727","6.5%","70,635","25,274","7.4%","58,307","50,312","12.5%","58,593"
"        Male householder, no spouse present","91,427","7.5%","77,445","28,817","7.7%","82,750","39,649","8.1%","100,291","44,882","7.3%","108,050","6,778","5.7%","90,005","141,001","8.1%","81,349","15,013","7.8%","75,591","12,752","6.9%","85,168","17,585","9.2%","78,588","95,678","6.9%","80,419","50,617","7.7%","76,374","44,065","10.5%","61,150","47,697","7.0%","76,423","71,221","9.2%","92,703","247,536","11.0%","76,157","46,564","9.6%","76,347","78,487","11.4%","69,464","33,627","8.6%","71,842","44,727","6.7%","90,282","47,100","6.6%","115,837","48,392","8.5%","77,950","277,865","9.8%","81,361","26,902","8.0%","75,409","35,222","6.4%","99,896","45,391","9.2%","66,615","11,752","6.2%","80,179","51,040","7.4%","97,646","26,974","7.8%","109,211","N","N","121,359","15,404","7.2%","94,928","34,184","6.3%","90,345","20,165","8.4%","86,711","15,911","6.8%","70,453","47,125","7.8%","69,869","52,239","6.5%","104,392","22,118","6.5%","105,366","41,323","10.3%","87,168"
"            With own children under 18 years","34,520","2.8%","67,186","11,837","3.2%","72,307","12,889","2.6%","90,888","18,174","2.9%","103,548","3,760","3.2%","77,639","56,485","3.3%","71,834","7,108","3.7%","61,523","5,110","2.8%","68,148","8,271","4.3%","66,144","32,861","2.4%","62,388","22,923","3.5%","66,041","17,851","4.2%","54,393","18,539","2.7%","61,321","23,056","3.0%","72,977","87,886","3.9%","61,414","17,018","3.5%","60,365","25,540","3.7%","60,775","14,352","3.7%","70,381","16,034","2.4%","76,644","15,576","2.2%","103,631","20,624","3.6%","68,588","79,359","2.8%","55,424","10,937","3.3%","63,403","15,988","2.9%","97,852","18,920","3.8%","61,168","5,699","3.0%","80,027","19,324","2.8%","86,272","8,172","2.4%","96,416","N","N","120,493","5,727","2.7%","93,316","13,854","2.6%","72,293","10,323","4.3%","75,024","5,603","2.4%","54,657","20,003","3.3%","66,359","22,857","2.9%","90,913","10,487","3.1%","92,838","14,772","3.7%","85,145"
"FAMILY INCOME BY FAMILY SIZE","","","","","","","","","","","","","","","","","","","","","","","","","","","","","","","","","","","","","","","","","","","","","","","","","","","","","","","","","","","","","","","","","","","","","","","","","","","","","","","","","","","","","","","","","","","","","","","","","","","","","","","","","","","","","","",""
"    2-person families","535,593","44.2%","93,178","165,221","44.4%","101,842","219,695","44.6%","115,613","266,870","43.2%","126,818","61,855","52.4%","116,269","766,481","44.2%","96,914","77,944","40.6%","105,157","78,651","42.8%","113,690","90,922","47.5%","80,499","557,807","40.5%","101,410","270,173","41.4%","90,910","193,760","46.0%","72,660","328,246","48.4%","97,749","307,304","39.6%","111,856","857,580","38.2%","88,391","229,950","47.4%","82,297","290,681","42.1%","65,197","203,765","52.3%","94,296","282,289","42.5%","112,217","277,124","38.7%","127,531","228,056","39.9%","108,960","1,231,619","43.4%","88,207","141,390","42.2%","100,830","251,654","45.8%","117,671","224,308","45.4%","77,575","86,142","45.7%","95,080","297,923","42.9%","128,351","157,833","45.8%","160,611","31,734","50.8%","184,568","93,967","43.7%","109,804","253,367","47.0%","141,204","110,136","45.8%","103,489","143,532","61.4%","90,071","282,972","46.9%","80,998","323,532","40.4%","147,389","140,203","41.2%","146,716","181,962","45.3%","124,423"
"    3-person families","286,787","23.7%","107,907","86,352","23.2%","131,587","119,934","24.4%","133,588","151,085","24.5%","158,315","27,376","23.2%","136,475","384,140","22.1%","117,143","45,419","23.7%","120,305","44,505","24.2%","125,531","40,711","21.3%","100,547","320,583","23.3%","115,211","150,297","23.0%","105,152","93,356","22.2%","83,620","153,262","22.6%","120,434","180,350","23.3%","133,770","546,678","24.4%","99,532","115,758","23.9%","97,556","176,645","25.6%","88,181","84,914","21.8%","108,077","157,461","23.7%","148,308","162,996","22.8%","160,480","138,394","24.2%","134,934","689,640","24.3%","109,453","83,063","24.8%","122,914","127,582","23.2%","159,935","125,916","25.5%","87,539","44,793","23.7%","113,780","161,664","23.3%","164,504","83,388","24.2%","192,118","14,556","23.3%","194,305","53,101","24.7%","150,395","125,722","23.3%","176,676","52,408","21.8%","128,151","47,125","20.2%","108,953","138,410","23.0%","102,287","186,998","23.4%","169,681","80,708","23.7%","165,638","94,961","23.6%","127,795"
"    4-person families","226,698","18.7%","138,344","73,577","19.8%","147,731","98,314","20.0%","189,714","128,061","20.7%","203,417","17,963","15.2%","177,427","338,962","19.5%","140,093","37,599","19.6%","140,952","39,001","21.2%","179,438","33,543","17.5%","118,764","287,855","20.9%","137,546","122,200","18.7%","123,785","74,398","17.7%","98,466","126,655","18.7%","140,231","166,577","21.5%","161,084","451,020","20.1%","122,064","83,643","17.3%","123,476","135,890","19.7%","104,220","61,981","15.9%","114,552","134,154","20.2%","184,211","152,665","21.3%","183,268","125,614","22.0%","169,860","526,467","18.5%","128,978","67,351","20.1%","157,217","111,416","20.3%","181,502","87,270","17.7%","110,894","33,474","17.7%","131,869","146,254","21.1%","192,432","68,181","19.8%","231,246","12,042","19.3%","250,000+","42,940","20.0%","166,631","103,525","19.2%","224,249","44,569","18.5%","140,911","27,980","12.0%","137,052","108,708","18.0%","126,571","170,911","21.4%","186,519","71,842","21.1%","203,032","67,669","16.8%","133,700"
"    5-person families","102,317","8.4%","118,650","28,498","7.7%","133,810","37,745","7.7%","191,530","49,385","8.0%","168,033","7,586","6.4%","205,071","152,557","8.8%","127,950","19,567","10.2%","142,864","14,724","8.0%","176,229","16,649","8.7%","118,499","129,717","9.4%","122,739","65,071","10.0%","121,906","33,068","7.9%","87,201","46,544","6.9%","149,020","76,885","9.9%","133,683","221,686","9.9%","114,063","36,776","7.6%","108,927","55,191","8.0%","104,710","23,122","5.9%","120,231","53,188","8.0%","164,064","70,523","9.9%","190,538","52,300","9.2%","161,389","229,092","8.1%","119,806","29,206","8.7%","146,384","39,796","7.2%","193,075","36,939","7.5%","99,693","15,922","8.4%","130,033","53,477","7.7%","177,443","22,805","6.6%","201,463","3,166","5.1%","179,761","16,742","7.8%","147,911","36,018","6.7%","190,045","20,666","8.6%","128,666","11,446","4.9%","117,617","45,458","7.5%","125,308","74,383","9.3%","173,977","31,041","9.1%","184,099","36,107","9.0%","146,861"
"    6-person families","37,798","3.1%","124,224","11,942","3.2%","124,698","12,008","2.4%","175,532","14,594","2.4%","213,807","2,465","2.1%","171,755","56,636","3.3%","138,133","7,220","3.8%","162,197","4,325","2.4%","190,199","6,884","3.6%","90,030","54,198","3.9%","132,022","29,708","4.5%","117,151","16,159","3.8%","65,638","15,850","2.3%","138,950","25,628","3.3%","133,659","97,187","4.3%","126,379","11,929","2.5%","130,668","19,389","2.8%","121,599","10,114","2.6%","128,486","17,554","2.6%","169,548","29,101","4.1%","180,215","17,562","3.1%","161,273","90,697","3.2%","120,535","8,975","2.7%","151,231","11,487","2.1%","167,641","13,457","2.7%","98,664","5,374","2.8%","104,759","21,466","3.1%","169,625","6,733","2.0%","242,036","732","1.2%","102,821","5,369","2.5%","149,435","12,609","2.3%","142,716","7,730","3.2%","156,583","2,012","0.9%","137,360","15,148","2.5%","140,095","26,981","3.4%","165,280","8,967","2.6%","177,457","11,904","3.0%","121,096"
"    7-or-more person families","23,339","1.9%","125,786","6,498","1.7%","119,928","4,556","0.9%","188,519","7,352","1.2%","180,266","795","0.7%","105,989","36,024","2.1%","126,067","4,051","2.1%","140,456","2,541","1.4%","153,531","2,814","1.5%","102,083","27,930","2.0%","119,006","15,773","2.4%","102,577","10,293","2.4%","62,296","7,538","1.1%","115,246","18,601","2.4%","172,771","70,294","3.1%","144,515","6,739","1.4%","151,563","13,039","1.9%","164,211","5,342","1.4%","118,944","19,066","2.9%","137,788","23,122","3.2%","214,978","9,394","1.6%","144,585","73,074","2.6%","131,290","4,858","1.5%","136,625","7,874","1.4%","135,400","6,091","1.2%","83,272","2,950","1.6%","123,963","13,438","1.9%","156,936","5,333","1.5%","172,204","236","0.4%","221,818","2,677","1.2%","169,181","7,845","1.5%","150,444","4,796","2.0%","139,075","1,523","0.7%","95,640","12,151","2.0%","129,159","17,401","2.2%","183,004","7,472","2.2%","154,311","9,402","2.3%","135,969"
"FAMILY INCOME BY NUMBER OF EARNERS","","","","","","","","","","","","","","","","","","","","","","","","","","","","","","","","","","","","","","","","","","","","","","","","","","","","","","","","","","","","","","","","","","","","","","","","","","","","","","","","","","","","","","","","","","","","","","","","","","","","","","","","","","","","","","",""
"    No earners","137,653","11.4%","53,412","43,944","11.8%","60,973","55,003","11.2%","63,199","67,996","11.0%","68,011","13,595","11.5%","84,112","213,697","12.3%","57,985","20,617","10.7%","79,386","24,197","13.2%","67,298","32,901","17.2%","52,492","127,448","9.2%","54,721","67,965","10.4%","54,454","71,231","16.9%","39,371","102,501","15.1%","66,479","90,777","11.7%","69,811","252,108","11.2%","37,594","58,500","12.1%","46,719","71,912","10.4%","26,754","73,377","18.9%","74,170","85,889","12.9%","72,352","88,397","12.4%","86,532","63,151","11.1%","62,404","372,528","13.1%","29,746","41,472","12.4%","64,441","73,789","13.4%","78,615","67,164","13.6%","30,879","25,081","13.3%","70,411","82,111","11.8%","76,409","40,686","11.8%","69,782","8,806","14.1%","105,049","24,422","11.4%","68,196","55,518","10.3%","82,178","33,169","13.8%","65,840","51,968","22.2%","65,403","99,069","16.4%","54,061","79,415","9.9%","95,121","32,947","9.7%","103,110","41,312","10.3%","45,619"
"    1 earner","386,656","31.9%","75,682","104,504","28.1%","82,884","128,228","26.0%","89,226","154,027","24.9%","100,336","33,245","28.2%","89,574","507,690","29.3%","72,757","48,883","25.5%","83,718","50,816","27.7%","100,473","60,058","31.4%","74,342","411,266","29.8%","75,717","196,287","30.0%","70,194","154,844","36.8%","53,072","195,614","28.8%","86,220","223,784","28.9%","93,422","696,601","31.0%","68,033","149,675","30.9%","66,329","227,328","32.9%","53,328","120,148","30.9%","75,578","183,828","27.7%","98,701","181,168","25.3%","117,044","158,362","27.7%","85,557","899,701","31.7%","68,447","99,145","29.6%","81,726","141,446","25.7%","101,966","161,483","32.7%","56,319","52,746","28.0%","70,993","212,808","30.7%","104,632","93,054","27.0%","118,735","19,047","30.5%","169,173","67,376","31.4%","90,717","153,851","28.5%","110,960","72,507","30.2%","80,332","69,846","29.9%","76,463","184,256","30.6%","71,066","207,612","25.9%","115,525","87,043","25.6%","110,576","123,444","30.7%","81,711"
"    2 earners","518,437","42.8%","135,196","172,307","46.3%","147,709","224,790","45.7%","177,752","294,437","47.7%","189,945","55,247","46.8%","156,051","741,485","42.7%","146,541","85,458","44.6%","136,718","80,457","43.8%","161,840","74,672","39.0%","119,936","636,398","46.2%","140,987","288,597","44.2%","123,230","148,270","35.2%","113,086","287,529","42.4%","137,974","327,542","42.2%","162,631","893,968","39.8%","128,580","205,814","42.5%","116,549","284,554","41.2%","106,445","148,891","38.3%","123,088","278,310","41.9%","169,102","303,505","42.4%","182,274","254,784","44.6%","165,276","1,164,116","41.0%","145,129","139,221","41.6%","151,042","252,759","46.0%","174,859","209,722","42.5%","116,494","83,709","44.4%","136,162","305,921","44.1%","200,472","163,795","47.6%","250,000+","29,536","47.3%","250,000+","94,231","43.9%","168,497","271,990","50.5%","212,234","103,097","42.9%","145,506","87,435","37.4%","127,368","247,617","41.1%","124,099","391,918","49.0%","197,947","164,456","48.3%","200,416","178,391","44.4%","170,055"
"    3 or more earners","169,786","14.0%","150,928","51,333","13.8%","154,587","84,231","17.1%","194,586","100,887","16.3%","207,853","15,953","13.5%","207,829","271,928","15.7%","162,322","36,842","19.2%","162,807","28,277","15.4%","182,836","23,892","12.5%","160,101","202,978","14.7%","151,299","100,373","15.4%","149,068","46,689","11.1%","141,380","92,451","13.6%","170,082","133,242","17.2%","170,369","401,768","17.9%","152,657","70,806","14.6%","140,895","107,041","15.5%","131,334","46,822","12.0%","145,054","115,685","17.4%","201,042","142,461","19.9%","208,484","95,023","16.6%","186,384","404,244","14.2%","164,948","55,005","16.4%","181,716","81,815","14.9%","200,221","55,612","11.3%","148,378","27,119","14.4%","160,474","93,382","13.5%","204,216","46,738","13.6%","217,952","5,077","8.1%","218,990","28,767","13.4%","215,512","57,727","10.7%","217,665","31,532","13.1%","177,954","24,369","10.4%","151,108","71,905","11.9%","154,811","121,261","15.2%","206,037","55,787","16.4%","213,660","58,858","14.6%","196,476"
"NONFAMILY HOUSEHOLDS","","","","","","","","","","","","","","","","","","","","","","","","","","","","","","","","","","","","","","","","","","","","","","","","","","","","","","","","","","","","","","","","","","","","","","","","","","","","","","","","","","","","","","","","","","","","","","","","","","","","","","","","","","","","","","",""
"    Nonfamily households","648,920","648,920","58,101","156,806","156,806","62,460","338,307","338,307","76,650","339,598","339,598","70,479","64,696","64,696","56,002","1,131,504","1,131,504","57,099","84,431","84,431","51,600","77,285","77,285","55,264","95,312","95,312","42,241","674,182","674,182","61,369","307,361","307,361","52,491","286,628","286,628","37,231","392,011","392,011","51,583","322,784","322,784","76,218","1,241,365","1,241,365","61,622","271,245","271,245","50,955","311,702","311,702","45,499","234,339","234,339","52,202","281,105","281,105","61,759","254,530","254,530","67,003","258,776","258,776","59,346","1,901,265","1,901,265","62,019","160,571","160,571","58,344","250,685","250,685","62,453","425,280","425,280","47,213","101,994","101,994","53,974","336,139","336,139","71,984","293,817","293,817","102,932","39,508","39,508","77,475","111,571","111,571","67,347","431,088","431,088","81,758","121,806","121,806","61,634","200,983","200,983","49,777","339,880","339,880","48,296","372,552","372,552","91,530","157,258","157,258","76,985","343,276","343,276","78,102"
"        Female householder","350,945","54.1%","53,528","89,762","57.2%","59,153","191,672","56.7%","70,647","189,038","55.7%","62,035","35,116","54.3%","48,035","614,319","54.3%","50,887","45,496","53.9%","44,943","42,655","55.2%","46,312","50,932","53.4%","36,852","348,042","51.6%","56,348","163,624","53.2%","46,181","151,743","52.9%","33,962","210,447","53.7%","45,216","177,372","55.0%","67,821","643,628","51.8%","55,989","142,634","52.6%","44,136","161,564","51.8%","37,178","133,339","56.9%","47,299","166,531","59.2%","54,115","143,567","56.4%","58,305","143,939","55.6%","51,698","1,063,027","55.9%","55,224","91,573","57.0%","49,537","141,003","56.2%","56,536","238,205","56.0%","43,229","51,791","50.8%","49,151","182,085","54.2%","64,765","145,926","49.7%","91,762","25,083","63.5%","67,601","58,713","52.6%","57,068","209,819","48.7%","71,375","63,732","52.3%","55,801","113,226","56.3%","46,097","181,339","53.4%","43,573","191,924","51.5%","82,319","93,236","59.3%","69,803","199,292","58.1%","77,313"
"            Living alone","295,514","45.5%","48,039","71,542","45.6%","51,652","146,276","43.2%","50,764","144,430","42.5%","47,218","28,788","44.5%","39,420","521,429","46.1%","44,140","38,572","45.7%","38,862","36,849","47.7%","43,845","44,641","46.8%","32,338","293,530","43.5%","49,300","136,937","44.6%","40,649","134,713","47.0%","31,381","180,298","46.0%","39,524","135,526","42.0%","57,141","504,310","40.6%","45,381","120,224","44.3%","38,269","131,871","42.3%","30,796","111,476","47.6%","39,421","144,842","51.5%","48,348","121,199","47.6%","50,817","121,718","47.0%","45,460","881,225","46.3%","45,348","80,389","50.1%","43,247","115,598","46.1%","47,531","198,406","46.7%","34,925","43,151","42.3%","41,863","147,256","43.8%","54,233","111,823","38.1%","71,972","21,166","53.6%","61,089","46,109","41.3%","47,179","161,634","37.5%","57,970","50,275","41.3%","47,702","93,124","46.3%","40,366","145,922","42.9%","36,092","161,123","43.2%","75,761","80,087","50.9%","61,986","167,032","48.7%","71,259"
"            Not living alone","55,431","8.5%","97,414","18,220","11.6%","91,209","45,396","13.4%","134,830","44,608","13.1%","131,308","6,328","9.8%","125,948","92,890","8.2%","106,740","6,924","8.2%","79,965","5,806","7.5%","90,210","6,291","6.6%","72,163","54,512","8.1%","110,403","26,687","8.7%","93,073","17,030","5.9%","77,924","30,149","7.7%","89,597","41,846","13.0%","117,166","139,318","11.2%","106,844","22,410","8.3%","95,210","29,693","9.5%","82,303","21,863","9.3%","95,323","21,689","7.7%","116,518","22,368","8.8%","128,581","22,221","8.6%","114,752","181,802","9.6%","132,004","11,184","7.0%","119,762","25,405","10.1%","104,837","39,799","9.4%","90,438","8,640","8.5%","96,624","34,829","10.4%","128,073","34,103","11.6%","184,497","3,917","9.9%","79,749","12,604","11.3%","108,013","48,185","11.2%","134,985","13,457","11.0%","101,151","20,102","10.0%","90,474","35,417","10.4%","86,139","30,801","8.3%","134,534","13,149","8.4%","121,491","32,260","9.4%","129,528"
"        Male householder","297,975","45.9%","64,295","67,044","42.8%","67,226","146,635","43.3%","84,102","150,560","44.3%","81,079","29,580","45.7%","61,635","517,185","45.7%","64,600","38,935","46.1%","63,748","34,630","44.8%","67,286","44,380","46.6%","51,282","326,140","48.4%","66,376","143,737","46.8%","61,608","134,885","47.1%","41,702","181,564","46.3%","60,800","145,412","45.0%","86,790","597,737","48.2%","67,796","128,611","47.4%","60,817","150,138","48.2%","52,364","101,000","43.1%","65,261","114,574","40.8%","74,484","110,963","43.6%","81,244","114,837","44.4%","66,404","838,238","44.1%","71,600","68,998","43.0%","73,168","109,682","43.8%","70,146","187,075","44.0%","51,540","50,203","49.2%","60,900","154,054","45.8%","82,965","147,891","50.3%","120,835","14,425","36.5%","91,881","52,858","47.4%","80,826","221,269","51.3%","94,809","58,074","47.7%","69,087","87,757","43.7%","54,209","158,541","46.6%","54,398","180,628","48.5%","101,778","64,022","40.7%","86,454","143,984","41.9%","79,976"
"            Living alone","233,743","36.0%","56,268","49,464","31.5%","57,338","104,177","30.8%","66,351","109,451","32.2%","60,255","22,420","34.7%","55,012","402,594","35.6%","55,203","29,490","34.9%","51,739","26,665","34.5%","57,115","37,718","39.6%","44,090","251,080","37.2%","59,591","111,919","36.4%","53,165","116,713","40.7%","39,239","147,114","37.5%","52,291","100,135","31.0%","66,667","431,838","34.8%","53,609","99,499","36.7%","50,726","114,723","36.8%","46,787","76,998","32.9%","53,039","92,028","32.7%","67,081","86,228","33.9%","66,938","90,767","35.1%","58,207","640,292","33.7%","55,122","54,588","34.0%","61,720","83,206","33.2%","60,342","146,447","34.4%","43,688","38,674","37.9%","52,522","113,031","33.6%","65,775","103,835","35.3%","89,247","9,363","23.7%","72,100","36,812","33.0%","63,922","160,030","37.1%","77,242","42,060","34.5%","52,209","68,907","34.3%","47,625","119,090","35.0%","44,315","134,767","36.2%","90,253","49,969","31.8%","75,701","112,200","32.7%","68,198"
"            Not living alone","64,232","9.9%","106,743","17,580","11.2%","98,750","42,458","12.6%","149,043","41,109","12.1%","159,393","7,160","11.1%","129,335","114,591","10.1%","110,923","9,445","11.2%","101,309","7,965","10.3%","107,477","6,662","7.0%","104,173","75,060","11.1%","108,407","31,818","10.4%","84,734","18,172","6.3%","84,459","34,450","8.8%","100,787","45,277","14.0%","146,510","165,899","13.4%","113,655","29,112","10.7%","103,062","35,415","11.4%","89,309","24,002","10.2%","100,224","22,546","8.0%","109,093","24,735","9.7%","138,851","24,070","9.3%","113,237","197,946","10.4%","149,106","14,410","9.0%","126,584","26,476","10.6%","118,250","40,628","9.6%","95,809","11,529","11.3%","96,550","41,023","12.2%","151,642","44,056","15.0%","211,906","5,062","12.8%","158,260","16,046","14.4%","130,841","61,239","14.2%","162,944","16,014","13.1%","116,825","18,850","9.4%","99,577","39,451","11.6%","99,081","45,861","12.3%","153,981","14,053","8.9%","139,331","31,784","9.3%","139,521"